name,article,category
Без названия,,Двигатели для минитракторов
Без названия,,Двигатели для минитракторов
Без названия,,Двигатели для минитракторов
Без названия,,Двигатели для минитракторов
Без названия,,Двигатели для минитракторов
Без названия,,Двигатели для минитракторов
Без названия,,Двигатели для минитракторов
Без названия,100085,Двигатели для минитракторов
Без названия,,Двигатели для минитракторов
Без названия,,Двигатели для минитракторов
Без названия,,Двигатели для минитракторов
Без названия,,Двигатели для минитракторов
